{
	"schemaVersion": 1,
	"id": "devlup_fsu",
	"version": "${version}",
	"name": "DevLUp FSU Mod",
	"description": "This is an example description! Tell everyone what your mod is about!",
	"authors": [
		"Me!"
	],
	"contact": {
		"homepage": "https://fabricmc.net/",
		"sources": "https://github.com/FabricMC/fabric-example-mod"
	},
	"license": "CC0-1.0",
	"icon": "assets/devlup_fsu/icon.png",
	"environment": "*",
	"entrypoints": {
		"main": [
			"org.devlup.fsu.mod.DevLUpFSUMod"
		],
		"client": [
			"org.devlup.fsu.mod.DevLUpFSUModClient"
		]
	},
	"mixins": [
		"devlup_fsu.mixins.json",
		{
			"config": "devlup_fsu.client.mixins.json",
			"environment": "client"
		}
	],
	"depends": {
		"fabricloader": ">=0.15.9",
		"minecraft": "~1.20.4",
		"java": ">=17",
		"fabric-api": "*"
	},
	"suggests": {
		"another-mod": "*"
	}
}